USE,FILE NAME,USETEST,MOVE,AVAILABLE,DURATION,CHANNEL,NOTES,SCALE,FEELING,ROOM / DEVICE,STAGE,MOTION,LIGHT,COLOR,O,P,Q,R,S,T,U,V,w
Y,Cleanroom_01.mov,,,UPLOADED,2:00:03,ALICE,Clean room cleaning bottle,human,caring,Diamond Acid,Prep,Still,Light,,,,,,Cine,MILD,,,
Y,Cleanroom_02.mov,,,UPLOADED,1:08:00,ALICE,boiling dimaond,human,caring,Diamond Acid,Prep,Still,Light,,,,,,Cine,MILD,,,
Y,Cleanroom_03.mov,,,UPLOADED,0:30:16,ALICE,Clean room puring acid shaky hand,human,caring,Diamond Acid,Prep,Still,,,,,,,Cine,MILD,,,
Y,Cleanroom_04.mov,,,UPLOADED,0:30:12,ALICE,Clean room close up puring acid shaky hand,human,caring,Diamond Acid,Prep,Still,,,,,,,Cine,MILD,,,
Y,Cleanroom_05.mov,,,UPLOADED,1:23:00,ALICE,clenn room placing diamond in acid,human,caring,Diamond Acid,Prep,Still,,,,,,,Cine,MILD,,,
Y,Cleanroom_06.mov,,,UPLOADED,0:15:00,ALICE,Clean room two small jars hands move them,human,caring,Diamond Acid,Prep,Still,,,,,,,Cine,MILD,,,
Y,Cleanroom_07.mov,,,UPLOADED,0:43:13,ALICE,clean room cleaning small jars,human,caring,Diamond Acid,Prep,Focus,,,stabilized,,,,Cine,MILD,,,
Y,Cleanroom_08.mov,,,UPLOADED,2:31:00,ALICE,clean room cleaning small jars,human,caring,Diamond Acid,Prep,Focus,,,stabilized,,,,Cine,MILD,,,
Y,Cleanroom_09.mov,,,UPLOADED,0:43:13,ALICE,,,caring,,,,,,,,,,,,,,
Y,Cleanroom_10.mov,,,UPLOADED,0:29:20,ALICE,scientists en el lab clean lab de espalda,landscape,caring,Diamond Acid,Prep,Still,,-,ALTA,,,,,MILD,,,
Y,A004_04290959_C007-8.mov,,,UPLOADED,0:00:10,ALICE,diamond throu mirror,,caring,,,,,,,,,,,,,,
Y,Cleanroom_12.mov,,,UPLOADED,0:42:07,ALICE,diamond throu mirror,landscape,caring,Growth,Prep,Still,Light,,,,,,Cine,MILD,,,
Y,Cleanroom_13.mov,,,UPLOADED,0:32:15,ALICE,takashi computer,graphic,caring,Diamond micro,Prep,Panning,,,,,,,,MILD,,,
Y,Cleanroom_14.mov,,,UPLOADED,,ALICE,,,caring,,,,,,,,,,,,,,
Y,Cleanroom_15.mov,,,UPLOADED,,ALICE,,,caring,,,,,,,,,,,,,,
Y,Cleanroom_16.mov,,,UPLOADED,,ALICE,,,caring,,,,,,,,,,,,,,
Y,Testclip_V1_CC01657931.mov,,,UPLOADED,0:20:00,BOB,diamond se apaga,landscape,caring,Growth,Prep,Prep,,,,,,,Cine,MILD,,,
Y,Lab00000359_V1-0005.mov,,,UPLOADED,0:20:00,BOB,diamond a bit out of focus,landscape,caring,Growth,Prep,Prep,,,,,,,Cine,MILD,,,
Y,Lab01614282_V1-0002.mov,,,UPLOADED,0:28:00,BOB,diamond throu mirror,landscape,caring,Growth,Prep,Still,Semi,,,,,,Cine,MILD,,,
Y,Lab00005907_V1-0008.mov,,,UPLOADED,0:35:00,BOB,iphone dimond growing close up,,caring,,,,,,,,,,,,,,
Y,Lab00002679_V1-0006.mov,,,UPLOADED,0:38:00,BOB,iphone dimond growing close up,,caring,,,,,,,,,,,,,,
Y,Lab00000000_V1-0007.mov,,,UPLOADED,0:43:23,BOB,iphone dimond growing with machine,,caring,,,,,,,,,,,,,,
,TOTAL TIME,,,,1:11:37,,,,,,,,,,,,,,,,,,
Y,Table01087126_V1-0001.mov,,,UPLOADED,0:20:00,BOB,"establishing of cube, good shot",landscape,commitment,Cube,Transmission,Still,Dark,Red,,,,CUBO! Possible still for press,,MILD,,,
Y,Table00000000_V1-0005.mov,,,UPLOADED,0:26:21,ALICE,"close up cube, abstract light red",landscape,commitment,Cube,Transmission,Still,Dark,Red,,,,,,MILD,,,
Y,Table00000000_V1-0002.mov,,,UPLOADED,0:26:20,ALICE,"close up cube, abstract light red, flash light",landscape,commitment,Cube,Transmission,Still,Semi,Red,,,,,,MILD,,,
N,Table01383812_V1-0006.mov,,,UPLOADED,0:04:16,,close up to cube,landscape,commitment,Cube,Transmission,Focus,Dark,Red,,,,,,MILD,,,
Y,Table00000000_V1-0008.mov,,,UPLOADED,00:48:08,BOB,"cube close up and lens, flash light",landscape,commitment,Cube,Transmission,Still,Semi,Red,,,,,,MILD,,,
Y,Table01376803_V1-0007.mov,,,UPLOADED,0:17:02,ALICE,cables lenses paning to cube. ,landscape,commitment,Optic Table (A),Transmission,Panning,Dark,Red,,,25,Kyu,Cine,MILD,,,
Y,Table01242896_V1-0004.mov,,,UPLOADED,0:15:22,BOB,red cables table form above,landscape,commitment,Optic Table (A),Transmission,Still,Dark,Red,,,,,,MILD,,,
N,,,,UPLOADED,0:35:22,,"lens height general view, great",landscape,commitment,Optic Table (A),Transmission,Panning,Dark,Red,,,,,,MILD,,,
N,Table01377193_V1-0010.mov ,,STUCK 25 fps,UPLOADED,1:08:14,BOB,slow panning lens to red cables,landscape,commitment,Cable,Transmission,Panning,Dark,Red,,,,,Cine,MILD,,,
Y,Table00000000_V1-0009.mov,,,UPLOADED,1:10:08,BOB,top view  red laser and cable ,landscape,commitment,Optic Table (A),Transmission,Still,Dark,-,,,,,,MILD,,,
Y,Table00000000_V1-0046.mov,,MOVED,UPLOADED,0:05:09,BOB,Sticker Bob,graphic,commitment,Optic Table (A),Transmission,Still,Semi,-,stabilized,,,christopher,,MILD,,,
Y,Table00024316_V1-0072.mov,,MOVED,UPLOADED,0:05:16,ALICE,Sticker Alice,graphic,commitment,Optic Table (A),Transmission,Still,Semi,-,,,,christopher,,MILD,,,
Y,Table01236742_V1-0042.mov,,MOVED,UPLOADED,0:37:06,BOB,out of focus lights stars to optic array close up,landscape,commitment,Optic Table (A),Transmission,Focus,Light,R/G,,,,,,MILD,,,
Y,Table01285422_V1-0043.mov,,MOVED,UPLOADED,0:20:18,ALICE,"optic table, green blinkin in mirror",landscape,commitment,Optic Table (A),Transmission,Still,Light,R/G,,,,,,MILD,,,
Y,Table01287128_V1-0044.mov,,MOVED,UPLOADED,0:20:18,ALICE,"square lens, gree blink close up from c062",landscape,commitment,Optic Table (A),Transmission,Still,Light,R/G,,,,,,MILD,,,
Y,Table01293364_V1-0045.mov,,MOVED,UPLOADED,0:20:07,ALICE,mega close up mirron blink green light,landscape,commitment,Optic Table (A),Transmission,Still,Light,Red,,,,,,MILD,,,
N,Table01071265_V1-0048.mov,,MOVED,UPLOADED,0:37:21,ALICE,"close-up, good shot, darker vibe",landscape,commitment,Cube,Transmission,Still,Dark,-,,,,dark,,MILD,,,
Y,Lab01403885_V1-0023.mov,,MOVED,UPLOADED,0:10:00,ALICE,"close up,  Laser In",graphic,commitment,Out of Love,Transmission,Still,Light,-,,,25,Kyu,Cine,MILD,,,
Y,Table01227754_V1-0073.mov,,MOVED,UPLOADED,0:22:10,ALICE,"close, up digital screens 2 wires",clock,commitment,Bounderies,Prep,Still,Dark,R/G,,,,,,MILD,,,
Y,Table00003443_V1-0071.mov,,MOVED,UPLOADED,0:08:13,ALICE,drive con cable rojo,landscape,commitment,Cable,Transmission,Still,Semi,Red,,,,,Probe,MILD,,medio,
Y,Table00024316_V1-0047.mov,,MOVED,UPLOADED,0:05:16,ALICE,Sticker Alice,graphic,commitment,Optic Table (A),Transmission,Still,Semi,-,,,,christopher,,MILD,,,
Y,NINJA_S001_S001_T132.mov,,,UPLOADED,,ALICE,,,commitment,,,,,,,,,,,,,,
Y,Table00000000_V1-0041.mov,,,UPLOADED,0:15:06,BOB,red laser up red ball fore works  close up to lenses ,landscape,commitment,Optic Table (A),Transmission,Focus,Dark,Red,stabilized,,24,Kyu,Cine,MILD,,,
,TOTAL TIME,,,,5:31:13,,,,,,,,,,,,,,,,,,
Y,Table01315700_V1-0011.mov,,,UPLOADED,0:15:00,BOB,"close up, digital screen",clock,excitement,Bounderies,Prep,Still,Dark,-,,,,,,MILD,,,
Y,Table01282777_V1-0014.mov,,,UPLOADED,0:33:00,ALICE,close up dgital clock,clock,excitement,Bounderies,Prep,Still,Dark,Red,,,,,,MILD,,,
N,Table01282773_V1-0015.mov,,,UPLOADED,,,,,,,,,,,,,,,,,,,
Y,Table01083896_V1-0016.mov,,,UPLOADED,0:15:00,BOB,red laser cable,lights,excitement,Cable,Transmission,Still,Dark,Red,RETURN TO THIS ONE,,,,Cine,MILD,,,
Y,Table01250276_V1-0017.mov,,,UPLOADED,0:15:00,ALICE,red hard drive w/ cable + green flashing,lights,excitement,Cable,Transmission,Focus,Dark,R/G,,,,,Cine,MILD,,,
Y,Table01251492_V1-0018.mov,,,UPLOADED,0:15:12,BOB,red laser cables + bliking,lights,excitement,Cable,Transmission,Still,Dark,Red,,,,,Cine,MILD,,,
Y,Table00000000_V1-0019.mov,,,UPLOADED,0:07:12,ALICE,red cables of and in of focus,landscape,excitement,Cable,Transmission,Focus,Dark,Red,"middle part stabilized, difficult to stabilize end with out of focus",,,,Cine,MILD,,,
Y,Table01318182_V1-0020.mov,,,UPLOADED,0:13:09,BOB,green and red cable flickering,lights,excitement,Cable,Transmission,Focus,Dark,R/G,,,,,Cine,MILD,,,
Y,Table00005161_V1-0021.mov,,,UPLOADED,0:15:00,ALICE,cable definido rojo / light background,landscape,excitement,Cable,Transmission,Still,Semi,Red,,,,,,MILD,,,
N,Table00000000_V1-0022.mov,,,UPLOADED,0:20:00,,cable rojo difuso to sharp cable,landscape,excitement,Cable,Transmission,Still,Dark,Red,stabilized,,,,,MILD,,,
N,Table00005983_V1-0023.mov,,,UPLOADED,0:10:00,,cable rojo difuso to sharp cable,landscape,excitement,Cable,Transmission,Still,Semi,Red,,,,,,MILD,,,
Y,Table01102872_V1-0024.mov,,,UPLOADED,0:14:13,BOB,"cube, close-up, green blinking light",landscape,excitement,Cube,Transmission,Still,Dark,Green,,,,,,MILD,,,
Y,Table01104422_V1-0025.mov,,,UPLOADED,0:28:10,ALICE,"cube, close-up, focus, green blonking lights",landscape,excitement,Cube,Transmission,Focus,Dark,Green,,,,,,MILD,,,
Y,Table01314288_V1-0026.mov,,,UPLOADED,0:20:03,BOB,"close-up, flickering green",landscape,excitement,Cube,Transmission,Still,Dark,Green,,,,,,MILD,,,
Y,Table01315789_V1-0027.mov,,,UPLOADED,00:30:16,ALICE,"close-up, flickering green",lights,excitement,Laser,Transmission,Still,Dark,Green,,,24,Kyu,Cine,MILD,,,
Y,Table01090096_V1-0028.mov,,,UPLOADED,0:15:04,BOB,blinking green liight laser,lights,excitement,Laser,Transmission,Still,Dark,Green,,,,blinking green,,MILD,,,
Y,Table00008836_V1-0029.mov,,,UPLOADED,00:46:19,ALICE,close up red laser through lens,lights,excitement,Laser,Transmission,Still,Dark,Red,,,,,,MILD,,,
Y,Table00009957_V1-0030.mov,,,UPLOADED,00:31:08,BOB,close up red laser light star,lights,excitement,Laser,Transmission,Still,Semi,-,,,,,,MILD,,,
Y,Table00010711_V1-0031.mov,,,UPLOADED,00:48:02,ALICE,close up red laser through lens,lights,excitement,Laser,Transmission,Zoom,Dark,Red,"better without stabilization, embrace the movement of the camera",,,,,MILD,,,
Y,Table00011865_V1-0032.mov,,,UPLOADED,00:48:13,BOB,close up red laser through lens,lights,excitement,Laser,Transmission,Still,Dark,Red,,,,,,MILD,,,
Y,Table00013030_V1-0033.mov,,,UPLOADED,00:20:14,ALICE,light abstraction,lights,excitement,Laser,Transmission,Still,Dark,Red,,,,,,MILD,,,
Y,Table00013524_V1-0034.mov,,,UPLOADED,00:21:20,BOB,light abstraction,lights,excitement,Laser,Transmission,Still,Dark,Red,,,,,,MILD,,,
Y,Table01374865_V1-0035.mov,,,UPLOADED,0:32:03,ALICE,red cables to green blinking light,lights,excitement,Laser,Transmission,Panning,Dark,R/G,,,25,Kyu,Cine,MILD,,,
Y,Table01105554_V1-0036.mov,,,UPLOADED,0:23:23,BOB,"close up green flickering laser, focus",lights,excitement,Laser,Transmission,Focus,Dark,Green,,,25,Kyu,Cine,MILD,,,
Y,Table01106154_V1-0037.mov,,,UPLOADED,0:42:15,ALICE,"close up green flickering laser, focus",lights,excitement,Laser,Transmission,Focus,Dark,,,,,,,MILD,,,
Y,Table01308202_V1-0039.mov,,,UPLOADED,0:29:05,BOB,"close-up, flickering green",lights,excitement,Laser,Transmission,Still,Dark,Green,,,24,Kyu,Cine,MILD,,,
Y,Table01244492_V1-0038.mov,,,UPLOADED,0:59:12,BOB,"close-up, flickering green",lights,excitement,Laser,Transmission,Still,Dark,R/G,,,24,Kyu,Cine,MILD,,,
Y,Table01247041_V1-0040.mov,,,UPLOADED,0:20:19,ALICE,different angle of lenses,landscape,excitement,Optic Table (A),Transmission,Still,Dark,R/G,,,,,,MILD,,,
Y,Table01232565_V1-0013.mov,,,UPLOADED,,BOB,optic table computer screens,landscape,excitement,,,,,,,,,,,,,,
Y,Table01276076_V1-0012.mov,,,UPLOADED,,ALICE,optic table computer screens,landscape,excitement,,,,,,,,,,,,,,
,TOTAL TIME,,,,11:27:52,,,,,,,,,,,,,,,,,,
Y,NINJA_S001_S001_T142.mov,,0:25:00,UPLOADED,2:14:00,ALICE,foco a NV centers clos up,landscape,flirting,Diamond micro,Prep,Focus,Light,Red,,,,,,MILD,,,
Y,A004_04290945_C003.mov,,,UPLOADED,0:02:39,BOB,diamnte scanning con cambios,landscape,flirting,Diamond micro,Prep,Panning,Light,,,,,,,MILD,,,
Y,A004_04290954_C005.mov,,0:03:16,UPLOADED,04:53:00,ALICE,diamnte scanning con cambios,landscape,flirting,Diamond micro,Prep,Panning,Light,,,,,,,MILD,,,
Y,A004_04290959_C007_8.mov,,,UPLOADED,0:14:14,BOB,takashi dimaond on micro,landscape,flirting,Diamond micro,Prep,Panning,,,,,,,,MILD,,,
Y,Lab02214148_V1-0021.mov,,MOVED,UPLOADED,0:08:00,ALICE,caja de Frodo,graphic,flirting,Diamond,Prep,Still,Light,,,,,,Cine,MILD,,,Lab02214148_V1-0021
,TOTAL TIME,,,,,,,,,,,,,,,,,,,,,,
Y,Route00941089_V1-0001.mov,,,UPLOADED,0:07:21,BOB,Technische Naturkunde with bird of wndow,landscape,lonely,Route Delft,Transmission,Still,,,Light,,,,,MILD,,Cine,
Y,Route01181196_V1-0012.mov,,,UPLOADED,0:09:07,BOB,escaler con reflejo de ventana,landscape,lonely,Route Delft,Transmission,Still,,,Light,,,,,MILD,,Cine,
Y,Route01196471_V1-0013.mov,,,UPLOADED,0:11:18,BOB,ventana redonda hojas.  Delft abandonado,landscape,lonely,Route Delft,Transmission,Still,,,Light,,,,,MILD,,Cine,
Y,Route00944867_V1-0002.mov,,,UPLOADED,0:15:00,BOB,Technische Naturkunde close up,landscape,lonely,Route Delft,Transmission,Still,,,Light,,,,,MILD,,Cine,
Y,Route00992050_V1-0003.mov,,,UPLOADED,0:15:00,BOB,torre de ladrillos close up ,landscape,lonely,Route Delft,Transmission,Still,,,Light,,,,,MILD,,Cine,
Y,Route00994385_V1-0004.mov,,,UPLOADED,0:24:06,ALICE,torre de ladrillos,landscape,lonely,Route Delft,Transmission,Panning,,,Light,,,,,MILD,,Cine,
Y,Route01022685_V1-0005.mov,,,UPLOADED,0:15:00,ALICE,routers,landscape,lonely,Route Delft,Transmission,Still,,,Light,,,,,MILD,,Cine,
Y,Route01136627_V1-0006.mov,,,UPLOADED,0:20:08,ALICE,farol de luz roto. hojas moviendose. Delft abandonado,landscape,lonely,Route Delft,Transmission,Still,,,Light,,,,,MILD,,Cine,
Y,Route01138352_V1-0007.mov,,,UPLOADED,1:00:06,ALICE,reflejo de hojas. Delft abandonado,landscape,lonely,Route Delft,Transmission,Still,,,Light,,,,,MILD,,Cine,
Y,Route01151159_V1-0008.mov,,,UPLOADED,0:29:36,BOB,Delft abandonado (noise) ,landscape,lonely,Route Delft,Transmission,Still,,,Light,,,,,MILD,,Cine,
Y,Route01160553_V1-0009.mov,,,UPLOADED,0:29:00,ALICE,Delft abandonado (noise) ,landscape,lonely,Route Delft,Transmission,Still,,,Light,,,,,MILD,,Cine,
Y,Route01167577_V1-0010.mov,,,UPLOADED,0:20:07,ALICE,argentina campeon mundial,landscape,lonely,Route Delft,Transmission,Still,,,Light,,,,,MILD,,Cine,
Y,Route01178561_V1-0011.mov,,,UPLOADED,0:05:00,BOB,escalera perfil ,landscape,lonely,Route Delft,Transmission,Still,,,Light,,,,,MILD,,Cine,
Y,Route01216815_V1-0014.mov,,,UPLOADED,0:15:00,BOB,Telefono wind compass.  Delft abandonado,landscape,lonely,Route Delft,Transmission,Still,,,Light,,,,,MILD,,Cine,
Y,Route03102614_V1-0015.mov,,,UPLOADED,0:25:00,BOB,wall piece telefono.  Delft abandonado,landscape,lonely,Route Delft,Transmission,Still,,,,,,,,MILD,,Cine,
Y,Route03141015_V1-0016.mov,,,UPLOADED,0:15:00,ALICE,wall sticker. Delft abandonado,graphic,lonely,Route Delft,Transmission,Still,,,Light,,,,,MILD,,Cine,
Y,Route01505876_V1-0017.mov,,,UPLOADED,0:20:00,BOB,KPN tower,landscape,lonely,Route Hague,Transmission,Still,Light,,,,,,Cine,MILD,,,
Y,Route01513459_V1-0018.mov,,,UPLOADED,0:15:00,ALICE,kpn tower and building close up wondows,landscape,lonely,Route Hague,Transmission,Still,Light,,,,,,Cine,MILD,,,
Y,Route01516635_V1-0019.mov,,,UPLOADED,0:10:00,ALICE,kpn tower con arboles. hoajs moviendose. loopear?,landscape,lonely,Route Hague,Transmission,Still,Light,,,,,,Cine,MILD,,,
Y,Route01521023_V1-0020.mov,,,UPLOADED,0:09:00,ALICE,knp tower cielo,landscape,lonely,Route Hague,Transmission,Still,Light,,,,,,Cine,MILD,,,
Y,Route01527094_V1-0021.mov,,,UPLOADED,0:08:16,BOB,kmp building and bridge,landscape,lonely,Route Hague,Transmission,Panning,Light,,,,,,Cine,MILD,,,
Y,Route01528649_V1-0022.mov,,,UPLOADED,0:15:00,BOB,knp tower cielo,landscape,lonely,Route Hague,Transmission,Still,Light,,,,,,Cine,MILD,,,
Y,Route01544619_V1-0023.mov,,,UPLOADED,0:10:00,BOB,kpn tower sign,landscape,lonely,Route Hague,Transmission,Still,Light,,,,,,Cine,MILD,,,
Y,Route00000000_V1-0024.mov,,,UPLOADED,0:18:07,ALICE,lavarropas y montaña de tierra,landscape,lonely,Route Rijswijk,Transmission,Panning,,,Light,,,,,MILD,,Cine,
Y,Route01436615_V1-0025.mov,,,UPLOADED,0:15:00,BOB,espejo,landscape,lonely,Route Rijswijk,Transmission,Still,,,Light,,,,,MILD,,Cine,
Y,Route01428195_V1-0026.mov,,,UPLOADED,0:15:00,ALICE,cables con plantas,landscape,lonely,Route Rijswijk,Transmission,Still,,,Light,,,,,MILD,,Cine,
Y,Route01409477_V1-0027.mov,,,UPLOADED,0:25:00,ALICE,cables en la tierra angle shot,landscape,lonely,Route Rijswijk,Transmission,Still,,,Light,,,,,MILD,,Cine,
Y,Route01440652_V1-0028.mov,,,UPLOADED,0:15:00,BOB,ventana rota,landscape,lonely,Route Rijswijk,Transmission,Still,,,Light,,,,,MILD,,Cine,
Y,Route03497541_V1-0029.mov,,,UPLOADED,0:25:00,BOB,Lavarropas.,landscape,lonely,Route Rijswijk,Transmission,Still,,,Light,,,,,MILD,,Cine,
Y,Route01430206_V1-0030.mov,,,UPLOADED,0:15:00,ALICE,cables con plantas close up,landscape,lonely,Route Rijswijk,Transmission,Still,,,Light,,,,,MILD,,Cine,
Y,Route01427078_V1-0031.mov,,,UPLOADED,0:15:00,ALICE,cables en la tierra close up,landscape,lonely,Route Rijswijk,Transmission,Still,,,Light,,,,,MILD,,Cine,
Y,Route03474384_V1-0032.mov,,,UPLOADED,0:15:00,ALICE,Cartel KPN. Midpoint Abandonado.,landscape,lonely,Route Rijswijk,Transmission,Still,,,Light,,,,,MILD,,Cine,
,TOTAL TIME,,,,9:29:12,,,,,,,,,,,,,,,,,,
Y,Lab00521758_V1-0025.mov,,,UPLOADED,0:17:17,BOB,pressure clock,clock,pressure,Bounderies,Prep,Still,Light,-,,,,,,MILD,,,
Y,Lab01393740_V1-0026.mov,,,UPLOADED,0:23:00,ALICE,laminal flow clock,clock,pressure,Bounderies,Prep,Still,Light,-,,,,,,MILD,,,
Y,Lab00525452_V1-0028.mov,,,UPLOADED,0:32:00,ALICE,pressure machine,landscape,pressure,Bounderies,Prep,Panning,Light,-,can't fix panning movement,,,,,MILD,,,
Y,Lab00532086_V1-0029.mov,,,UPLOADED,0:40:07,BOB,pressure machine,landscape,pressure,Bounderies,Prep,Panning,Light,-,,,,,,MILD,,,
Y,Lab00437574_V1-0030.mov,,,UPLOADED,0:07:17,BOB,explosion close up,landscape,pressure,Nitrogen,Prep,Still,Light,-,,,,,,MILD,,,
Y,Lab00441059_V1-0012.mov,,MOVED,UPLOADED,0:22:20,BOB,close up ice melting,landscape,pressure,Nitrogen,Prep,Still,Light,Red,,,,,,MILD,,,
Y,Lab00442865_V1-0013.mov,,MOVED,UPLOADED,1:09:14,BOB,close up ice melting,landscape,pressure,Nitrogen,Prep,Still,Light,Red,,,,,,MILD,,,
Y,Lab00449830_V1-0015.mov,,MOVED,UPLOADED,0:28:06,BOB,melting ice on pipe,landscape,pressure,Nitrogen,Prep,Panning,Semi,-,,,,,,MILD,,,
Y,Lab00551600_V1-0010.mov,,MOVED,UPLOADED,0:31:23,ALICE,nitrogeno en el piso,landscape,pressure,Nitrogen,Prep,Still,Light,-,,,,,,MILD,,,
Y,Lab00555893_V1-0009.mov,,MOVED,UPLOADED,0:33:20,BOB,nitrogeno en el piso,landscape,pressure,Nitrogen,Prep,Still,Light,-,,,,,,MILD,,,
Y,Lab00577526_V1-0011.mov,,MOVED,UPLOADED,0:27:19,ALICE,Cryo tank lable,graphic,pressure,Nitrogen,Prep,Panning,Light,-,,,,,,MILD,,,
Y,Lab00000238_V1-0017.mov,,MOVED,UPLOADED,0:05:00,ALICE,NV center poster / space exploration,landscape,pressure,Out of Love,Prep,Still,Light,-,,,,,Cine,MILD,,,
Y,Lab00417811_V1-0031.mov,,,UPLOADED,0:19:07,ALICE,humo de nitrogeno en manguera,landscape,pressure,Nitrogen,Prep,Still,Light,-,,,,,,MILD,,,
Y,Lab00426895_V1-0032.mov,,,UPLOADED,0:19:09,ALICE,humo de nitrogeno en manguera (tiene  varias tomas buenas dentro),landscape,pressure,Nitrogen,Prep,Still,Light,-,,,,,,MILD,,,
Y,Lab00430653_V1-0033.mov,,,UPLOADED,0:26:10,BOB,"explosion, nube en el cuarto",landscape,pressure,Nitrogen,Prep,Still,Light,-,,,,,,MILD,,,
N,Lab00431353_V1-0034.mov,,,UPLOADED,0:30:00,,"explosion, nube en el cuarto",landscape,pressure,Nitrogen,Prep,Still,Light,-,,,,,,MILD,,,
Y,Lab00005194_V1-0035.mov,,,UPLOADED,0:16:08,ALICE,stage temperature,clock,pressure,Bounderies,Prep,Still,Light,,,,,,,MILD,,,
Y,Lab00805303_V1-0019.mov,,,UPLOADED,0:05:00,BOB,NV center poster / space exploration,landscape,pressure,Out of Love,Prep,Still,Light,-,,,,,Cine,MILD,,,
Y,Lab01419833_V1-0018.mov,,,UPLOADED,0:05:00,ALICE,close up STICKER team Diamond,graphic,pressure,Out of Love,Prep,Still,Light,-,,,25,Kyu,Cine,MILD,,,
,TOTAL TIME,,,,7:10:49,,,,,,,,,,,,,,,,,,
Y,Lab00000000_V1-0036.mov,,,UPLOADED,0:04:11,BOB,close up de termometro,clock,stability,Bounderies,Prep,Still,Light,-,stabilized,,,,,MILD,,,
Y,Lab00000000_V1-0037.mov,,,UPLOADED,0:15:00,ALICE,close up de termometro,clock,stability,Bounderies,Prep,Focus,Light,-,stabilized,,,,,MILD,,,
Y,Lab01411848_V1-0038.mov,,,UPLOADED,0:10:00,BOB,stabilizer flow isolator,graphic,stability,Bounderies,Prep,Still,Light,-,,,,,,MILD,,,
Y,Lab00510326_V1-0039.mov,,,UPLOADED,0:10:00,ALICE,"digital clock on wall, temperature",clock,stability,Bounderies,Prep,Still,Light,-,,,,,,MILD,,,
Y,Lab00001160_V1-0040.mov,,,UPLOADED,0:10:00,BOB,canillas de hidrogeno y nitrogeno,clock,stability,Bounderies,Prep,Still,Light,,,,,,,MILD,,,
Y,Lab00001393_V1-0041.mov,,,UPLOADED,0:15:00,ALICE,canillas de hidrogeno y nitrogeno,clock,stability,Bounderies,Prep,Still,Dark,,,,,,,MILD,,,
Y,Lab00002023_V1-0042.mov,,,UPLOADED,0:10:00,ALICE,hydrogen + nitrogen ,graphic,stability,Bounderies,Prep,Still,Dark,,,,,,,MILD,,,
Y,Lab00801067_V1-0043.mov,,,UPLOADED,0:05:15,ALICE,close up NV,landscape,stability,Diamnd scale,Prep,Still,Light,,,,Cine,,,MILD,,,
Y,Lab00826169_V1-0044.mov,,,UPLOADED,0:10:00,ALICE,close up NV,landscape,stability,Diamnd scale,Prep,Still,Light,,,,Cine,,,MILD,,,
Y,Lab00808949_V1-0045.mov,,,UPLOADED,0:15:00,BOB,out of focus,landscape,stability,Diamnd scale,Prep,Focus,Light,,,,Cine,,,MILD,,,
Y,Lab00829019_V1-0047.mov,,,UPLOADED,0:25:00,BOB,enter from right,landscape,stability,Diamnd scale,Prep,Panning,Light,,,,Cine,,,MILD,,,
Y,Lab00807301_V1-0048.mov,,,UPLOADED,0:33:23,ALICE,enter from left,landscape,stability,Diamnd scale,Prep,Focus,Light,,,,Cine,,,MILD,,,
Y,"Lab00011340_V1-0051.mov
",,,UPLOADED,0:20:00,BOB,hard drives,landscape,stability,Growth,Prep,Still,Light,,,,,,Cine,MILD,,,
Y,Lab01410468_V1-0016.mov,,MOVED,UPLOADED,0:10:00,ALICE,whiteboard,graphic,stability,Out of Love,Transmission,Still,Light,-,,,25,Kyu,Cine,MILD,,,
Y,Lab01424478_V1-0020.mov,,MOVED,UPLOADED,0:10:00,BOB,Poster / dimamond communication,graphic,stability,Out of Love,Prep,Still,Light,-,,,25,Kyu,Cine,MILD,,,
N,Lab00000000_V1-0036.mov,,,UPLOADED,0:04:11,,close up de termometro,clock,stability,Bounderies,Prep,Still,Light,-,stabilized,,,,,MILD,,,
N,Lab00818011_V1-0050.mov,,,UPLOADED,0:43:07,,clean room pouring water for cleaning small jars,landscape,stability,Diamond Acid,Prep,Still,,,,,Cine,,,MILD,,,
N,"Lab01423482_V1-0052.mov
",,,UPLOADED,0:05:00,,poster / diamond cryostat blur,graphic,stability,Out of Love,Prep,Still,Light,-,,,25,Kyu,Cine,MILD,,,
,TOTAL TIME,,,UPLOADED,3:12:49,,,,,,,,,,,,,,,,,,
N,clanroom,,,UPLOADED,0:37:17,,3 scientificso hablando,landscape,suspense,Diamond Acid,Prep,Still,,-,,,,,,MILD,,,
Y,Lab00517855_V1-0053.mov,,,UPLOADED,0:19:05,ALICE,digital clock hidding in case,clock,suspense,Bounderies,Prep,Still,Light,-,,,,,,MILD,,,
Y,Table01081791_V1-0049.mov,,,UPLOADED,0:29:08,BOB,cables a reloj digital,clock,suspense,Bounderies,Prep,Panning,Dark,Red,can't fix panning movement,,,,,MILD,,,
Y,Table00957705_V1-0051.mov,,,UPLOADED,1:00:00,ALICE,Top view white flash light,landscape,suspense,Optic Table (A),Transmission,Top view,Semi,R/G,,,25,Kyu,Fish eye,MILD,,,
Y,Table00958930_V1-0050.mov,,,UPLOADED,1:00:00,BOB,Top view white flash light,landscape,suspense,Optic Table (A),Transmission,Top view,Semi,R/G,,,25,Kyu,Fish eye,MILD,,,
Y,Table00962005_V1-0052.mov,,,UPLOADED,1:00:00,ALICE,Top view color flash light,landscape,suspense,Optic Table (A),Transmission,Top view,Semi,,,,,,,MILD,,,
Y,Table00963505_V1-0053.mov,,,UPLOADED,1:00:00,BOB,Top view color flash light,landscape,suspense,Optic Table (A),Transmission,Top view,Semi,,,,,,,MILD,,,
Y,Table01309828_V1-0003.mov,,move in master,UPLOADED,0:31:02,BOB,"cube from top angle, red blinking",landscape,suspense,Cube,Transmission,Still,Dark,Red,,,,,,MILD,,,
Y,Table00992493_V1-0054.mov,,,UPLOADED,0:26:00,ALICE,"close up del top view, goes dark green bliking light",landscape,suspense,Optic Table (A),Transmission,Top view,Semi,R/G,,,25,Kyu,Cine,MILD,,,
Y,Table01320353_V1-0056.mov,,,UPLOADED,0:14:00,ALICE,"close up, cables con luz de linterna",landscape,suspense,Optic Table (A),Transmission,Still,Semi,-,,,,,Cine,MILD,,,
Y,Table00997068_V1-0055.mov,,,UPLOADED,1:08:16,BOB,"closeup top view. red cube with laser, flash light goes on",landscape,suspense,Optic Table (A),Transmission,Top view,Semi,R/G,,,25,Kyu,Cine,MILD,,,
Y,Table00010455_V1-0057.mov,,,UPLOADED,0:14:13,BOB,gold tower scilicon imprint,landscape,suspense,Tower,Transmission,Still,Light,,,,Cine,,,MILD,,,
Y,Table00010794_V1-0058.mov,,,UPLOADED,0:14:13,ALICE,"golden tower complete, shdows",landscape,suspense,Tower,Transmission,Still,Semi,,,,Cine,,,MILD,,,
Y,Table00011142_V1-0059.mov,,,UPLOADED,0:10:20,BOB,"close up with towel, cut top and bottom ",landscape,suspense,Tower,Transmission,Still,Semi,,,,Cine,,,MILD,,,
Y,Table00011402_V1-0060.mov,,,UPLOADED,0:23:10,ALICE,"infra red, scilicon imprint, cool flash light",landscape,suspense,Tower,Transmission,Still,Semi,,,,Cine,,,MILD,,,
Y,Table00011964_V1-0061.mov,,,UPLOADED,0:33:18,ALICE,"more close up, scilicon imprint, Neon chip design",landscape,suspense,Tower,Transmission,Still,Dark,,,,Cine,,,MILD,,,
Y,Table00012774_V1-0062.mov,,,UPLOADED,0:20:20,BOB,"close up, scilicon imprint, Neon chip design",landscape,suspense,Tower,Transmission,Still,Semi,,,,Cine,,,MILD,,,
,TOTAL TIME,,,UPLOADED,9:03:05,,,,,,,,,,,,,,,,,,
Y,Lab00000209_V1-0022.mov,,MOVED,UPLOADED,0:25:14,ALICE,growing diamond device,landscape,waiting,Growth,Prep,Still,Light,,,,,,Cine,MILD,,,
Y,Lab01407333_V1-0024.mov,,MOVED,UPLOADED,0:10:00,ALICE,corridor,landscape,waiting,Out of Love,Prep,Still,Light,-,,,25,Kyu,Cine,MILD,,,
Y,Lab00880976_V1-0046.mov,,move in master,UPLOADED,0:19:00,ALICE,trwisting / nice sun,landscape,waiting,Diamnd scale,Prep,Panning,,,,,,,,MILD,,,
Y,Lab00816061_V1-0049.mov,,,UPLOADED,2:00:00,BOB,panning white balls.,landscape,waiting,Diamnd scale,Prep,Panning,,,,,Cine,,,MILD,,,
N,A003_04290254_C006_D.mov,,move cleanroom,UPLOADED,3:34:00,,clean room blurry entrance,landscape,waiting,Diamond Acid,Prep,Still,,,,,Cine,,,MILD,,,
N,A003_04290254_C006_E.mov,,move cleanroom,UPLOADED,2:30:18,,clean room acid jar from the side,landscape,waiting,Diamond Acid,Prep,Still,,,,,Cine,,,MILD,,,
Y,Lab00000000_V1-0054.mov,,,UPLOADED,0:15:00,ALICE,Powersonic digital temperature,clock,waiting,Bounderies,Prep,Panning,Light,,stabilized,,,,,MILD,,,
Y,Lab00000000_V1-0055.mov,,,UPLOADED,0:39:00,ALICE,out of focus messuring termostat,clock,waiting,Bounderies,Prep,Focus,Light,-,stabilized,,,,,MILD,,,
Y,Lab00003784_V1-0056.mov,,,UPLOADED,0:00:27,ALICE,clean room sample shelves,human,waiting,Out of Love,Prep,Still,Light,-,,,,,Cine,MILD,,,
Y,Lab00004428_V1-0057.mov,,,UPLOADED,0:26:16,ALICE,clean room sample shelves,human,waiting,Out of Love,Prep,Panning,Light,-,,,,,Cine,MILD,,,
Y,Lab00497112_V1-0058.mov,,,UPLOADED,0:14:20,ALICE,caños,landscape,waiting,Out of Love,Prep,Still,Light,-,,,,,,MILD,,,
Y,Lab00009998_V1-0059.mov,,,UPLOADED,1:20:10,ALICE,maquina de diamantes foil + caños,landscape,waiting,Diamond Acid,Prep,Still,,-,,,,,,MILD,,,
Y,Table01280056_V1-0063.mov,,,UPLOADED,0:14:17,BOB,"close, up doble digital screens",clock,waiting,Bounderies,Prep,Still,Dark,Red,,,,,,MILD,,,
Y,Table00000000_V1-0064.mov,,,UPLOADED,0:26:11,BOB,close up dgital,clock,waiting,Bounderies,Prep,Still,Dark,-,can't fix panning movement,,,,,MILD,,,
Y,Table01281810_V1-0065.mov,,MERGE,UPLOADED,0:30:00,BOB,"close up, digital screen, red light",clock,waiting,Bounderies,Prep,Still,Dark,Red,,,,,,MILD,,,
Y,Table01281809_V1-0066.mov,,MERGE,UPLOADED,,BOB,,,waiting,,,,,,,,,,,,,,
Y,Table01281810_V1-0067.mov,,MERGE,UPLOADED,,BOB,,,waiting,,,,,,,,,,,,,,
Y,Table01281805_V1-0068.mov,,MERGE,UPLOADED,,BOB,,,waiting,,,,,,,,,,,,,,
Y,Table01262683_V1-0070.mov,,,UPLOADED,0:09:00,BOB,digital doble clock ,clock,waiting,Bounderies,Transmission,Still,Dark,Red,,,24,Kyu,Cine,MILD,,,
,,,,,09:44:01,,,,,,,,,,,,,,,,,,
N,A001_04281802_C021.mov,,,UPLOADED,01:38:00,BOTH,entangelment lights,,entanglement,,,,,,,,,,,,,,
N,A001_04281809_C026.mov,,,UPLOADED,00:45:00,BOTH,entanglement cubos,,entanglement,,,,,,,,,,,,,,
N,A001_04281810_C027.mov,,,UPLOADED,00:42:00,,entanglement cubos,,entanglement,,,,,,,,,,,,,,
N,A001_04281845_C050.mov,,,UPLOADED,00:39:00,,entangelment lights,,entanglement,,,,,,,,,,,,,,
,TOTAL TIME,,,,03:44:00,,,,,,,,,,,,,,,,,,
,,,,,,,,,,,,,,,,,,,,,,,
,,,,,,,,,,,,,,,,,,,,,,,
,,,,,,,,,,,,,,,,,,,,,,,
,,,,,,,,,,,,,,,,,,,,,,,
N,LONELY.mp4,,,UPLOADED,,BOTH,,,lonely,,,,,,,,,,,,,,
N,STABILITY.mp4,,,UPLOADED,,BOTH,,,stability,,,,,,,,,,,,,,
N,CARING.mp4,,,UPLOADED,,BOTH,,,caring,,,,,,,,,,,,,,
N,COMMITMENT.mp4,,,UPLOADED,,BOTH,,,commitment,,,,,,,,,,,,,,
N,SUSPENSE.mp4,,,UPLOADED,,BOTH,,,suspense,,,,,,,,,,,,,,
N,DRAMA.mp4,,,UPLOADED,,BOTH,,,Drama,,,,,,,,,,,,,,
N,EXCITEMENT.mp4,,,UPLOADED,,BOTH,,,excitement,,,,,,,,,,,,,,
N,FLIRTING.mp4,,,UPLOADED,,BOTH,,,flirting,,,,,,,,,,,,,,
N,PRESSURE.mp4,,,UPLOADED,,BOTH,,,pressure,,,,,,,,,,,,,,
N,WAITING.mp4,,,UPLOADED,,BOTH,,,waiting,,,,,,,,,,,,,,
N,ENTANGLEMENT.mp4,,,UPLOADED,,BOTH,,,entanglement,,,,,,,,,,,,,,
N,TEST.mov,,,UPLOADED,,BOB,,,stability,,,,,,,,,,,,,,
N,prores_422_ffmpeg_1.mov,,,UPLOADED,,BOTH,,,Drama,,,,,,,,,,,,,,
N,prores_hq_ffmpeg_21.mov,,,UPLOADED,,BOTH,,,excitement,,,,,,,,,,,,,,
N,prores_ffmpeg_2.mov,,,UPLOADED,,BOTH,,,lonely,,,,,,,,,,,,,,
N,testfile_prores_4444.mov,,,UPLOADED,,BOTH,,,stability,,,,,,,,,,,,,,
N,prores_4444_422p10.mov,,,UPLOADED,,BOTH,,,Drama,,,,,,,,,,,,,,
N,testfile_prores_4444_422p12.mov,,,UPLOADED,,BOTH,,,stability,,,,,,,,,,,,,,
N,test_qv25_4444p12.mov,,,UPLOADED,,BOTH,,,flirting,,,,,,,,,,,,,,
N,Lab00000000_V1-0036.mov,,,UPLOADED,,BOTH,camera movement?,,stability,,,,,,,,,,,,,,
N,Lab00001393_V1-0041.mov,,,UPLOADED,,BOTH,,,flirting,,,,,,,,,,,,,,
N,dnxhd.mov,,,UPLOADED,,BOTH,,,stability,,,,,,,,,,,,,,
N,,,,UPLOADED,,BOTH,,,stability,,,,,,,,,,,,,,
N,,,,UPLOADED,,BOTH,,,stability,,,,,,,,,,,,,,
N,,,,UPLOADED,,BOTH,,,stability,,,,,,,,,,,,,,
N,,,,UPLOADED,,BOTH,,,stability,,,,,,,,,,,,,,
N,,,,UPLOADED,,BOTH,,,stability,,,,,,,,,,,,,,
